LidcReadMessage_Id,uid
0,"1.3.6.1.4.1.14519.5.2.1.6279.6001.1307390663712.0"
